date,name,ath_country,value,specialty
2008-11-15,Lindsey Vonn,US,100,Downhill
2008-11-15,Irene Curtoni,IT,0,Slalom
2008-11-15,Sanni Leinonen,FI,7,Slalom
2008-11-15,Brigitte Acton,CA,0,Slalom
2008-11-15,Anna Goodman,CA,8,Slalom
2008-11-15,Anna Veith Fenninger,AT,0,Super G
2008-11-15,Lene Loeseth,NO,0,Slalom
2008-11-15,Taina Barioz,FR,0,Giant Slalom
2008-11-15,Nastasia Noens,FR,0,Slalom
2008-11-15,Tii-Maria Romar,FI,9,Slalom
2008-11-15,Nina Perner,DE,0,Slalom
2008-11-15,Marion Bertrand,FR,0,Giant Slalom
2008-11-15,Mona Loeseth,NO,0,Slalom
2008-11-15,Katharina Duerr,DE,0,Slalom
2008-11-15,Florine De Leymarie,FR,0,Slalom
2008-11-15,Aita Camastral,CH,0,Slalom
2008-11-15,Claire Dautherives,FR,0,Slalom
2008-11-15,Katarina Lavtar,SK,0,Combined
2008-11-15,Bernadette Schild,AT,0,Slalom
2008-11-15,Katarzyna Karasinska,PL,0,Slalom
2008-11-15,Elisabeth Goergl,AT,0,Giant Slalom
2008-11-15,Veronica Smed,SE,0,Giant Slalom
2008-11-15,Simone Streng,AT,0,Slalom
2008-11-15,Marina Nigg,LI,0,Slalom
2008-11-15,Johanna Schnarf,IT,0,Combined
2008-11-15,Chiara Costazza,IT,14,Slalom
2008-11-15,Tereza Kmochova,CZ,0,Combined
2008-11-15,Ana Jelusic,HR,0,Slalom
2008-11-15,Veronika Velez Zuzulova,SK,45,Slalom
2008-11-15,Kajsa Kling,SE,0,Combined
2008-11-15,Denise Karbon,IT,0,Giant Slalom
2008-11-15,Susanne Riesch,DE,0,Slalom
2008-11-15,Michaela Kirchgasser,AT,16,Giant Slalom
2008-11-15,Aline Bonjour,CH,0,Slalom
2008-11-15,Hailey Duke,US,0,Slalom
2008-11-15,Sandra Gini,CH,0,Slalom
2008-11-15,Marie-Michele Gagnon,CA,0,Slalom
2008-11-15,Marianne Mair,DE,0,Slalom
2008-11-15,Manuela Moelgg,IT,20,Giant Slalom
2008-11-15,Marta Benzoni,IT,0,Combined
2008-11-15,Nina Loeseth,NO,0,Slalom
2008-11-15,Nika Fleiss,HR,11,Slalom
2008-11-15,Rabea Grand,CH,24,Combined
2008-11-15,Kathrin Hoelzl,DE,12,Giant Slalom
2008-11-15,Alexandra Daum,AT,0,Slalom
2008-11-15,Denise Feierabend,CH,20,Slalom
2008-11-15,Christina Geiger,DE,0,Slalom
2008-11-15,Julia Mancuso,US,0,Giant Slalom
2008-11-15,Karen Persyn,BE,0,Slalom
2008-11-15,Monika Bergmann,DE,26,Slalom
2008-11-15,Carolin Fernsebner,DE,0,Combined
2008-11-15,Kathrin Triendl,AT,0,Combined
2008-11-15,Jelena Lolovic,RS,0,Combined
2008-11-15,Aleksandra Klus,PL,0,Combined
2008-11-15,Annalisa Ceresa,IT,0,Combined
2008-11-15,Miriam Gmuer,CH,0,Combined
2008-11-15,Tamara Vidoni,FR,0,Combined
2008-11-15,Maria Belen Simari-Birkner,AR,0,Combined
2008-11-15,Ana Drev,SK,0,Giant Slalom
2008-11-15,Zana Novakovic,BA,0,Combined
2008-11-15,Macarena Simari-Birkner,AR,0,Combined
2008-11-15,Carmen Thalmann,AT,0,Combined
2008-11-15,Karoline Trojer,IT,0,Combined
2008-11-15,Eva-Maria Brem,AT,0,Giant Slalom
2008-11-15,Jana Gantnerova,SK,0,Combined
2008-11-15,Matea Ferk,HR,0,Combined
2008-11-15,Verena Hoellbacher,AT,0,Combined
2008-11-15,Maria Kirkova,BG,0,Combined
2008-11-15,Daniela Merighetti,IT,0,Downhill
2008-11-15,Nina-Katarina Mihovilovic,SK,0,Combined
2008-11-15,Jessica Puenchera,CH,0,Combined
2008-11-15,Petra Robnik,SK,0,Combined
2008-11-15,Tina Maze,SK,0,Giant Slalom
2008-11-15,Tessa Worley,FR,0,Giant Slalom
2008-11-15,Fabienne Suter,CH,0,Super G
2008-11-15,Tea Palic,HR,0,Combined
2008-11-15,Mireia Gutierrez,AD,0,Combined
2008-11-15,Mireia Clemente,ES,0,Combined
2008-11-15,Vanja Brodnik,SK,0,Combined
2008-11-15,Barbara Wirth,DE,0,Combined
2008-11-15,Petra Zakourilova,CZ,0,Combined
2008-11-15,Agnieszka Gasienica Daniel,PL,0,Giant Slalom
2008-11-15,Shona Rubens,CA,0,Combined
2008-11-15,Anne Marie Mueller,NO,0,Slalom
2008-11-15,Jessica Honkonen,FI,0,Combined
2008-11-15,Anja Blieninger,DE,0,Combined
2008-11-15,Mateja Robnik,SK,0,Giant Slalom
2008-11-15,Anne Sophie Barthet,FR,0,Combined
2008-11-15,Eva Kurfuerstova,CZ,0,Combined
2008-11-15,Chemmy Alcott,GB,0,Giant Slalom
2008-11-15,Marianne Abderhalden,CH,0,Slalom
2008-11-15,Emma Happonen,FI,0,Combined
2008-11-15,Emi Hasegawa,JP,0,Combined
2008-11-15,Mizue Hoshi,JP,0,Combined
2008-11-15,Kristiina Rove,FI,0,Combined
2008-11-15,Sterling Grant,US,0,Slalom
2008-11-15,Stefanie Koehle,AT,0,Giant Slalom
2008-11-15,Sofija Novoselic,HR,0,Combined
2008-11-15,Jessica Lindell-Vikarby,SE,0,Super G
2008-11-15,Emelie Wikstroem,SE,0,Combined
2008-11-15,Kaylin L Richardson,US,0,Combined
2008-11-15,Kiley Staples,US,0,Combined
2008-11-15,Anja Paerson,SE,36,Super G
2008-11-15,Therese Borssen,SE,32,Slalom
2008-11-15,Sarah Schleper,US,6,Giant Slalom
2008-11-15,Karin Hackl,AT,0,Giant Slalom
2008-11-15,Maria Pietilae-Holmner,SE,80,Slalom
2008-11-15,Marusa Ferk,SK,0,Slalom
2008-11-15,Nicole Gius,IT,22,Slalom
2008-11-15,Kathrin Zettel,AT,0,Giant Slalom
2008-11-15,Maria Riesch Hoefl,DE,60,Slalom
2008-11-15,Lara Gut,CH,0,Giant Slalom
2008-11-15,Sarka Strachova Zahrobska,CZ,29,Slalom
2008-11-15,Tanja Poutiainen,FI,40,Giant Slalom
2008-11-15,Nicole Hosp,AT,50,Slalom
2008-11-15,Sandrine Aubert,FR,13,Slalom
2008-11-15,Fanny Chmelar,DE,15,Slalom
2008-11-15,Frida Hansdotter,SE,10,Slalom
2008-11-30,Marianne Mair,DE,0,Slalom
2008-11-30,Carmen Thalmann,AT,0,Combined
2008-11-30,Chiara Costazza,IT,14,Slalom
2008-11-30,Monika Bergmann,DE,26,Slalom
2008-11-30,Vanja Brodnik,SK,0,Combined
2008-11-30,Maria Riesch Hoefl,DE,100,Slalom
2008-11-30,Karoline Trojer,IT,0,Combined
2008-11-30,Marion Bertrand,FR,14,Giant Slalom
2008-11-30,Zana Novakovic,BA,0,Combined
2008-11-30,Kaylin L Richardson,US,0,Combined
2008-11-30,Kathrin Zettel,AT,45,Giant Slalom
2008-11-30,Irene Curtoni,IT,0,Slalom
2008-11-30,Jessica Lindell-Vikarby,SE,0,Super G
2008-11-30,Emelie Wikstroem,SE,0,Combined
2008-11-30,Sanni Leinonen,FI,7,Slalom
2008-11-30,Sofija Novoselic,HR,0,Combined
2008-11-30,Brigitte Acton,CA,4,Slalom
2008-11-30,Nina Loeseth,NO,15,Slalom
2008-11-30,Kiley Staples,US,0,Combined
2008-11-30,Mireia Gutierrez,AD,0,Combined
2008-11-30,Karen Persyn,BE,0,Slalom
2008-11-30,Nika Fleiss,HR,24,Slalom
2008-11-30,Rabea Grand,CH,24,Combined
2008-11-30,Ana Drev,SK,0,Giant Slalom
2008-11-30,Kathrin Hoelzl,DE,36,Giant Slalom
2008-11-30,Maria Belen Simari-Birkner,AR,0,Combined
2008-11-30,Miriam Gmuer,CH,0,Combined
2008-11-30,Alexandra Daum,AT,0,Slalom
2008-11-30,Tamara Vidoni,FR,0,Combined
2008-11-30,Denise Feierabend,CH,20,Slalom
2008-11-30,Macarena Simari-Birkner,AR,0,Combined
2008-11-30,Annalisa Ceresa,IT,0,Combined
2008-11-30,Aleksandra Klus,PL,0,Combined
2008-11-30,Christina Geiger,DE,0,Slalom
2008-11-30,Stefanie Koehle,AT,0,Giant Slalom
2008-11-30,Eva-Maria Brem,AT,0,Giant Slalom
2008-11-30,Frida Hansdotter,SE,10,Slalom
2008-11-30,Tereza Kmochova,CZ,0,Combined
2008-11-30,Mireia Clemente,ES,0,Combined
2008-11-30,Julia Mancuso,US,0,Giant Slalom
2008-11-30,Anna Veith Fenninger,AT,11,Super G
2008-11-30,Anna Goodman,CA,15,Slalom
2008-11-30,Jessica Honkonen,FI,0,Combined
2008-11-30,Claire Dautherives,FR,0,Slalom
2008-11-30,Anne Marie Mueller,NO,5,Slalom
2008-11-30,Bernadette Schild,AT,0,Slalom
2008-11-30,Nicole Hosp,AT,130,Slalom
2008-11-30,Karin Hackl,AT,0,Giant Slalom
2008-11-30,Sarah Schleper,US,6,Giant Slalom
2008-11-30,Shona Rubens,CA,0,Combined
2008-11-30,Agnieszka Gasienica Daniel,PL,3,Giant Slalom
2008-11-30,Katarina Lavtar,SK,0,Combined
2008-11-30,Katarzyna Karasinska,PL,6,Slalom
2008-11-30,Petra Zakourilova,CZ,0,Combined
2008-11-30,Tanja Poutiainen,FI,100,Giant Slalom
2008-11-30,Veronica Smed,SE,0,Giant Slalom
2008-11-30,Jelena Lolovic,RS,0,Combined
2008-11-30,Lara Gut,CH,0,Giant Slalom
2008-11-30,Barbara Wirth,DE,0,Combined
2008-11-30,Simone Streng,AT,0,Slalom
2008-11-30,Kathrin Triendl,AT,0,Combined
2008-11-30,Johanna Schnarf,IT,0,Combined
2008-11-30,Elisabeth Goergl,AT,0,Giant Slalom
2008-11-30,Anja Blieninger,DE,0,Combined
2008-11-30,Aita Camastral,CH,0,Slalom
2008-11-30,Florine De Leymarie,FR,0,Slalom
2008-11-30,Marta Benzoni,IT,0,Combined
2008-11-30,Sandrine Aubert,FR,25,Slalom
2008-11-30,Taina Barioz,FR,0,Giant Slalom
2008-11-30,Lene Loeseth,NO,0,Slalom
2008-11-30,Kristiina Rove,FI,0,Combined
2008-11-30,Nicole Gius,IT,22,Slalom
2008-11-30,Nastasia Noens,FR,0,Slalom
2008-11-30,Mizue Hoshi,JP,0,Combined
2008-11-30,Tii-Maria Romar,FI,9,Slalom
2008-11-30,Emi Hasegawa,JP,0,Combined
2008-11-30,Emma Happonen,FI,0,Combined
2008-11-30,Maria Pietilae-Holmner,SE,116,Slalom
2008-11-30,Nina Perner,DE,0,Slalom
2008-11-30,Marianne Abderhalden,CH,0,Slalom
2008-11-30,Mona Loeseth,NO,0,Slalom
2008-11-30,Marina Nigg,LI,8,Slalom
2008-11-30,Eva Kurfuerstova,CZ,0,Combined
2008-11-30,Chemmy Alcott,GB,0,Giant Slalom
2008-11-30,Anne Sophie Barthet,FR,0,Combined
2008-11-30,Katharina Duerr,DE,0,Slalom
2008-11-30,Mateja Robnik,SK,0,Giant Slalom
2008-11-30,Sterling Grant,US,2,Slalom
2008-11-30,Manuela Moelgg,IT,49,Giant Slalom
2008-11-30,Carolin Fernsebner,DE,0,Combined
2008-11-30,Hailey Duke,US,10,Slalom
2008-11-30,Anja Paerson,SE,56,Super G
2008-11-30,Sandra Gini,CH,18,Slalom
2008-11-30,Susanne Riesch,DE,9,Slalom
2008-11-30,Nina-Katarina Mihovilovic,SK,0,Combined
2008-11-30,Tea Palic,HR,0,Combined
2008-11-30,Kajsa Kling,SE,0,Combined
2008-11-30,Ana Jelusic,HR,22,Slalom
2008-11-30,Fanny Chmelar,DE,15,Slalom
2008-11-30,Jessica Puenchera,CH,0,Combined
2008-11-30,Matea Ferk,HR,0,Combined
2008-11-30,Marusa Ferk,SK,16,Slalom
2008-11-30,Denise Karbon,IT,0,Giant Slalom
2008-11-30,Maria Kirkova,BG,0,Combined
2008-11-30,Veronika Velez Zuzulova,SK,45,Slalom
2008-11-30,Lindsey Vonn,US,150,Downhill
2008-11-30,Petra Robnik,SK,0,Combined
2008-11-30,Tina Maze,SK,0,Giant Slalom
2008-11-30,Tessa Worley,FR,0,Giant Slalom
2008-11-30,Verena Hoellbacher,AT,0,Combined
2008-11-30,Marie-Michele Gagnon,CA,0,Slalom
2008-11-30,Daniela Merighetti,IT,0,Downhill
2008-11-30,Aline Bonjour,CH,32,Slalom
2008-11-30,Sarka Strachova Zahrobska,CZ,129,Slalom
2008-11-30,Michaela Kirchgasser,AT,42,Giant Slalom
2008-11-30,Fabienne Suter,CH,0,Super G
2008-11-30,Jana Gantnerova,SK,0,Combined
2008-11-30,Therese Borssen,SE,32,Slalom
2008-12-14,Kathrin Zettel,AT,105,Giant Slalom
2008-12-14,Irene Curtoni,IT,13,Slalom
2008-12-14,Denise Karbon,IT,0,Giant Slalom
2008-12-14,Nastasia Noens,FR,0,Slalom
2008-12-14,Kaylin L Richardson,US,0,Combined
2008-12-14,Marion Bertrand,FR,14,Giant Slalom
2008-12-14,Tii-Maria Romar,FI,9,Slalom
2008-12-14,Emi Hasegawa,JP,0,Combined
2008-12-14,Kiley Staples,US,0,Combined
2008-12-14,Michaela Kirchgasser,AT,60,Giant Slalom
2008-12-14,Emma Happonen,FI,0,Combined
2008-12-14,Maria Kirkova,BG,0,Combined
2008-12-14,Mizue Hoshi,JP,0,Combined
2008-12-14,Jessica Puenchera,CH,0,Combined
2008-12-14,Sterling Grant,US,2,Slalom
2008-12-14,Sandrine Aubert,FR,61,Slalom
2008-12-14,Brigitte Acton,CA,4,Slalom
2008-12-14,Emelie Wikstroem,SE,0,Combined
2008-12-14,Sofija Novoselic,HR,0,Combined
2008-12-14,Stefanie Koehle,AT,0,Giant Slalom
2008-12-14,Susanne Riesch,DE,9,Slalom
2008-12-14,Sanni Leinonen,FI,7,Slalom
2008-12-14,Lene Loeseth,NO,0,Slalom
2008-12-14,Anna Goodman,CA,25,Slalom
2008-12-14,Daniela Merighetti,IT,0,Downhill
2008-12-14,Jessica Lindell-Vikarby,SE,0,Super G
2008-12-14,Taina Barioz,FR,0,Giant Slalom
2008-12-14,Marta Benzoni,IT,0,Combined
2008-12-14,Anna Veith Fenninger,AT,22,Super G
2008-12-14,Kristiina Rove,FI,0,Combined
2008-12-14,Petra Robnik,SK,0,Combined
2008-12-14,Nina-Katarina Mihovilovic,SK,0,Combined
2008-12-14,Marina Nigg,LI,15,Slalom
2008-12-14,Marianne Abderhalden,CH,0,Slalom
2008-12-14,Shona Rubens,CA,0,Combined
2008-12-14,Anja Paerson,SE,101,Super G
2008-12-14,Tessa Worley,FR,0,Giant Slalom
2008-12-14,Katarzyna Karasinska,PL,6,Slalom
2008-12-14,Agnieszka Gasienica Daniel,PL,3,Giant Slalom
2008-12-14,Petra Zakourilova,CZ,0,Combined
2008-12-14,Karin Hackl,AT,0,Giant Slalom
2008-12-14,Elisabeth Goergl,AT,0,Giant Slalom
2008-12-14,Nicole Hosp,AT,159,Slalom
2008-12-14,Fabienne Suter,CH,0,Super G
2008-12-14,Veronica Smed,SE,0,Giant Slalom
2008-12-14,Jelena Lolovic,RS,0,Combined
2008-12-14,Therese Borssen,SE,56,Slalom
2008-12-14,Simone Streng,AT,0,Slalom
2008-12-14,Kathrin Triendl,AT,0,Combined
2008-12-14,Marusa Ferk,SK,20,Slalom
2008-12-14,Barbara Wirth,DE,0,Combined
2008-12-14,Johanna Schnarf,IT,0,Combined
2008-12-14,Carolin Fernsebner,DE,0,Combined
2008-12-14,Kajsa Kling,SE,0,Combined
2008-12-14,Sarah Schleper,US,12,Giant Slalom
2008-12-14,Lindsey Vonn,US,230,Downhill
2008-12-14,Anne Marie Mueller,NO,5,Slalom
2008-12-14,Mona Loeseth,NO,0,Slalom
2008-12-14,Lara Gut,CH,0,Giant Slalom
2008-12-14,Eva Kurfuerstova,CZ,0,Combined
2008-12-14,Veronika Velez Zuzulova,SK,59,Slalom
2008-12-14,Nicole Gius,IT,54,Slalom
2008-12-14,Anne Sophie Barthet,FR,0,Combined
2008-12-14,Katharina Duerr,DE,0,Slalom
2008-12-14,Chemmy Alcott,GB,0,Giant Slalom
2008-12-14,Mateja Robnik,SK,0,Giant Slalom
2008-12-14,Nina Perner,DE,0,Slalom
2008-12-14,Tina Maze,SK,0,Giant Slalom
2008-12-14,Katarina Lavtar,SK,0,Combined
2008-12-14,Anja Blieninger,DE,0,Combined
2008-12-14,Aita Camastral,CH,0,Slalom
2008-12-14,Ana Jelusic,HR,42,Slalom
2008-12-14,Jessica Honkonen,FI,0,Combined
2008-12-14,Claire Dautherives,FR,0,Slalom
2008-12-14,Maria Pietilae-Holmner,SE,116,Slalom
2008-12-14,Tanja Poutiainen,FI,140,Giant Slalom
2008-12-14,Bernadette Schild,AT,0,Slalom
2008-12-14,Florine De Leymarie,FR,0,Slalom
2008-12-14,Vanja Brodnik,SK,0,Combined
2008-12-14,Chiara Costazza,IT,14,Slalom
2008-12-14,Miriam Gmuer,CH,0,Combined
2008-12-14,Nina Loeseth,NO,41,Slalom
2008-12-14,Marie-Michele Gagnon,CA,0,Slalom
2008-12-14,Julia Mancuso,US,5,Giant Slalom
2008-12-14,Macarena Simari-Birkner,AR,0,Combined
2008-12-14,Matea Ferk,HR,0,Combined
2008-12-14,Eva-Maria Brem,AT,0,Giant Slalom
2008-12-14,Nika Fleiss,HR,39,Slalom
2008-12-14,Zana Novakovic,BA,0,Combined
2008-12-14,Tereza Kmochova,CZ,0,Combined
2008-12-14,Verena Hoellbacher,AT,0,Combined
2008-12-14,Frida Hansdotter,SE,26,Slalom
2008-12-14,Carmen Thalmann,AT,0,Combined
2008-12-14,Sandra Gini,CH,26,Slalom
2008-12-14,Rabea Grand,CH,24,Combined
2008-12-14,Hailey Duke,US,10,Slalom
2008-12-14,Aleksandra Klus,PL,0,Combined
2008-12-14,Ana Drev,SK,0,Giant Slalom
2008-12-14,Tamara Vidoni,FR,0,Combined
2008-12-14,Denise Feierabend,CH,20,Slalom
2008-12-14,Maria Belen Simari-Birkner,AR,0,Combined
2008-12-14,Tea Palic,HR,0,Combined
2008-12-14,Maria Riesch Hoefl,DE,200,Slalom
2008-12-14,Annalisa Ceresa,IT,0,Combined
2008-12-14,Kathrin Hoelzl,DE,36,Giant Slalom
2008-12-14,Christina Geiger,DE,0,Slalom
2008-12-14,Jana Gantnerova,SK,0,Combined
2008-12-14,Alexandra Daum,AT,0,Slalom
2008-12-14,Karen Persyn,BE,0,Slalom
2008-12-14,Karoline Trojer,IT,0,Combined
2008-12-14,Aline Bonjour,CH,32,Slalom
2008-12-14,Sarka Strachova Zahrobska,CZ,179,Slalom
2008-12-14,Mireia Clemente,ES,0,Combined
2008-12-14,Marianne Mair,DE,0,Slalom
2008-12-14,Monika Bergmann,DE,38,Slalom
2008-12-14,Fanny Chmelar,DE,24,Slalom
2008-12-14,Mireia Gutierrez,AD,0,Combined
2008-12-14,Manuela Moelgg,IT,71,Giant Slalom
2008-12-29,Veronika Velez Zuzulova,SK,88,Slalom
2008-12-29,Aita Camastral,CH,0,Slalom
2008-12-29,Rabea Grand,CH,24,Combined
2008-12-29,Tina Maze,SK,0,Giant Slalom
2008-12-29,Eva Kurfuerstova,CZ,0,Combined
2008-12-29,Tea Palic,HR,0,Combined
2008-12-29,Anja Blieninger,DE,0,Combined
2008-12-29,Florine De Leymarie,FR,5,Slalom
2008-12-29,Marta Benzoni,IT,0,Combined
2008-12-29,Vanja Brodnik,SK,0,Combined
2008-12-29,Chemmy Alcott,GB,0,Giant Slalom
2008-12-29,Sandra Gini,CH,48,Slalom
2008-12-29,Maria Belen Simari-Birkner,AR,0,Combined
2008-12-29,Kathrin Hoelzl,DE,52,Giant Slalom
2008-12-29,Mateja Robnik,SK,0,Giant Slalom
2008-12-29,Barbara Wirth,DE,0,Combined
2008-12-29,Kathrin Triendl,AT,0,Combined
2008-12-29,Maria Pietilae-Holmner,SE,142,Slalom
2008-12-29,Miriam Gmuer,CH,0,Combined
2008-12-29,Marusa Ferk,SK,33,Slalom
2008-12-29,Johanna Schnarf,IT,0,Combined
2008-12-29,Katharina Duerr,DE,8,Slalom
2008-12-29,Carolin Fernsebner,DE,0,Combined
2008-12-29,Maria Riesch Hoefl,DE,300,Slalom
2008-12-29,Anne Sophie Barthet,FR,0,Combined
2008-12-29,Marina Nigg,LI,21,Slalom
2008-12-29,Katarina Lavtar,SK,0,Combined
2008-12-29,Karoline Trojer,IT,0,Combined
2008-12-29,Manuela Moelgg,IT,71,Giant Slalom
2008-12-29,Nicole Hosp,AT,195,Slalom
2008-12-29,Elisabeth Goergl,AT,0,Giant Slalom
2008-12-29,Monika Bergmann,DE,47,Slalom
2008-12-29,Marie-Michele Gagnon,CA,0,Slalom
2008-12-29,Petra Zakourilova,CZ,0,Combined
2008-12-29,Jelena Lolovic,RS,0,Combined
2008-12-29,Agnieszka Gasienica Daniel,PL,3,Giant Slalom
2008-12-29,Katarzyna Karasinska,PL,6,Slalom
2008-12-29,Nina Loeseth,NO,41,Slalom
2008-12-29,Tessa Worley,FR,0,Giant Slalom
2008-12-29,Sarka Strachova Zahrobska,CZ,224,Slalom
2008-12-29,Macarena Simari-Birkner,AR,0,Combined
2008-12-29,Carmen Thalmann,AT,0,Combined
2008-12-29,Shona Rubens,CA,0,Combined
2008-12-29,Sarah Schleper,US,12,Giant Slalom
2008-12-29,Frida Hansdotter,SE,26,Slalom
2008-12-29,Veronica Smed,SE,0,Giant Slalom
2008-12-29,Jana Gantnerova,SK,0,Combined
2008-12-29,Kajsa Kling,SE,0,Combined
2008-12-29,Jessica Honkonen,FI,0,Combined
2008-12-29,Ana Drev,SK,0,Giant Slalom
2008-12-29,Ana Jelusic,HR,82,Slalom
2008-12-29,Claire Dautherives,FR,0,Slalom
2008-12-29,Tanja Poutiainen,FI,220,Giant Slalom
2008-12-29,Simone Streng,AT,0,Slalom
2008-12-29,Anja Paerson,SE,119,Super G
2008-12-29,Nika Fleiss,HR,39,Slalom
2008-12-29,Karin Hackl,AT,0,Giant Slalom
2008-12-29,Fabienne Suter,CH,0,Super G
2008-12-29,Mona Loeseth,NO,0,Slalom
2008-12-29,Zana Novakovic,BA,0,Combined
2008-12-29,Therese Borssen,SE,80,Slalom
2008-12-29,Bernadette Schild,AT,7,Slalom
2008-12-29,Anne Marie Mueller,NO,5,Slalom
2008-12-29,Verena Hoellbacher,AT,0,Combined
2008-12-29,Julia Mancuso,US,20,Giant Slalom
2008-12-29,Nicole Gius,IT,54,Slalom
2008-12-29,Lara Gut,CH,0,Giant Slalom
2008-12-29,Fanny Chmelar,DE,38,Slalom
2008-12-29,Mireia Clemente,ES,0,Combined
2008-12-29,Kristiina Rove,FI,0,Combined
2008-12-29,Lene Loeseth,NO,11,Slalom
2008-12-29,Michaela Kirchgasser,AT,60,Giant Slalom
2008-12-29,Irene Curtoni,IT,13,Slalom
2008-12-29,Jessica Lindell-Vikarby,SE,0,Super G
2008-12-29,Nina-Katarina Mihovilovic,SK,0,Combined
2008-12-29,Christina Geiger,DE,0,Slalom
2008-12-29,Anna Veith Fenninger,AT,22,Super G
2008-12-29,Sterling Grant,US,2,Slalom
2008-12-29,Tamara Vidoni,FR,0,Combined
2008-12-29,Karen Persyn,BE,0,Slalom
2008-12-29,Emelie Wikstroem,SE,0,Combined
2008-12-29,Lindsey Vonn,US,290,Downhill
2008-12-29,Kathrin Zettel,AT,155,Giant Slalom
2008-12-29,Daniela Merighetti,IT,0,Downhill
2008-12-29,Eva-Maria Brem,AT,0,Giant Slalom
2008-12-29,Anna Goodman,CA,35,Slalom
2008-12-29,Hailey Duke,US,42,Slalom
2008-12-29,Susanne Riesch,DE,9,Slalom
2008-12-29,Taina Barioz,FR,0,Giant Slalom
2008-12-29,Sanni Leinonen,FI,7,Slalom
2008-12-29,Sofija Novoselic,HR,0,Combined
2008-12-29,Mireia Gutierrez,AD,0,Combined
2008-12-29,Stefanie Koehle,AT,0,Giant Slalom
2008-12-29,Matea Ferk,HR,0,Combined
2008-12-29,Mizue Hoshi,JP,0,Combined
2008-12-29,Aleksandra Klus,PL,0,Combined
2008-12-29,Brigitte Acton,CA,16,Slalom
2008-12-29,Jessica Puenchera,CH,0,Combined
2008-12-29,Annalisa Ceresa,IT,0,Combined
2008-12-29,Emma Happonen,FI,0,Combined
2008-12-29,Nina Perner,DE,0,Slalom
2008-12-29,Kiley Staples,US,0,Combined
2008-12-29,Denise Karbon,IT,0,Giant Slalom
2008-12-29,Tereza Kmochova,CZ,0,Combined
2008-12-29,Aline Bonjour,CH,52,Slalom
2008-12-29,Maria Kirkova,BG,0,Combined
2008-12-29,Tii-Maria Romar,FI,9,Slalom
2008-12-29,Marianne Mair,DE,0,Slalom
2008-12-29,Marianne Abderhalden,CH,0,Slalom
2008-12-29,Petra Robnik,SK,0,Combined
2008-12-29,Alexandra Daum,AT,0,Slalom
2008-12-29,Sandrine Aubert,FR,65,Slalom
2008-12-29,Denise Feierabend,CH,20,Slalom
2008-12-29,Chiara Costazza,IT,14,Slalom
2008-12-29,Marion Bertrand,FR,14,Giant Slalom
2008-12-29,Kaylin L Richardson,US,0,Combined
2008-12-29,Nastasia Noens,FR,0,Slalom
2008-12-29,Emi Hasegawa,JP,0,Combined
2009-01-04,Fabienne Suter,CH,0,Super G
2009-01-04,Carolin Fernsebner,DE,0,Combined
2009-01-04,Petra Zakourilova,CZ,0,Combined
2009-01-04,Lara Gut,CH,0,Giant Slalom
2009-01-04,Karoline Trojer,IT,0,Combined
2009-01-04,Kathrin Triendl,AT,0,Combined
2009-01-04,Jelena Lolovic,RS,0,Combined
2009-01-04,Kiley Staples,US,0,Combined
2009-01-04,Nicole Hosp,AT,195,Slalom
2009-01-04,Sofija Novoselic,HR,0,Combined
2009-01-04,Maria Kirkova,BG,0,Combined
2009-01-04,Jessica Lindell-Vikarby,SE,0,Super G
2009-01-04,Kaylin L Richardson,US,0,Combined
2009-01-04,Mireia Clemente,ES,0,Combined
2009-01-04,Carmen Thalmann,AT,0,Combined
2009-01-04,Tessa Worley,FR,0,Giant Slalom
2009-01-04,Lindsey Vonn,US,290,Downhill
2009-01-04,Matea Ferk,HR,0,Combined
2009-01-04,Verena Hoellbacher,AT,0,Combined
2009-01-04,Karin Hackl,AT,0,Giant Slalom
2009-01-04,Mireia Gutierrez,AD,0,Combined
2009-01-04,Anja Blieninger,DE,0,Combined
2009-01-04,Maria Pietilae-Holmner,SE,166,Slalom
2009-01-04,Maria Belen Simari-Birkner,AR,0,Combined
2009-01-04,Emi Hasegawa,JP,0,Combined
2009-01-04,Mateja Robnik,SK,0,Giant Slalom
2009-01-04,Sarka Strachova Zahrobska,CZ,284,Slalom
2009-01-04,Jessica Puenchera,CH,0,Combined
2009-01-04,Aleksandra Klus,PL,0,Combined
2009-01-04,Emma Happonen,FI,0,Combined
2009-01-04,Anne Sophie Barthet,FR,0,Combined
2009-01-04,Maria Riesch Hoefl,DE,400,Slalom
2009-01-04,Miriam Gmuer,CH,0,Combined
2009-01-04,Marianne Abderhalden,CH,0,Slalom
2009-01-04,Petra Robnik,SK,0,Combined
2009-01-04,Eva Kurfuerstova,CZ,0,Combined
2009-01-04,Tea Palic,HR,0,Combined
2009-01-04,Annalisa Ceresa,IT,0,Combined
2009-01-04,Daniela Merighetti,IT,0,Downhill
2009-01-04,Mizue Hoshi,JP,0,Combined
2009-01-04,Chemmy Alcott,GB,0,Giant Slalom
2009-01-04,Stefanie Koehle,AT,0,Giant Slalom
2009-01-04,Agnieszka Gasienica Daniel,PL,3,Giant Slalom
2009-01-04,Macarena Simari-Birkner,AR,0,Combined
2009-01-04,Tamara Vidoni,FR,0,Combined
2009-01-04,Zana Novakovic,BA,0,Combined
2009-01-04,Shona Rubens,CA,0,Combined
2009-01-04,Jana Gantnerova,SK,0,Combined
2009-01-04,Sandrine Aubert,FR,65,Slalom
2009-01-04,Anne Marie Mueller,NO,5,Slalom
2009-01-04,Eva-Maria Brem,AT,0,Giant Slalom
2009-01-04,Emelie Wikstroem,SE,0,Combined
2009-01-04,Tina Maze,SK,0,Giant Slalom
2009-01-04,Kristiina Rove,FI,0,Combined
2009-01-04,Ana Drev,SK,0,Giant Slalom
2009-01-04,Nina-Katarina Mihovilovic,SK,0,Combined
2009-01-04,Jessica Honkonen,FI,0,Combined
2009-01-04,Sterling Grant,US,2,Slalom
2009-01-04,Vanja Brodnik,SK,0,Combined
2009-01-04,Marusa Ferk,SK,33,Slalom
2009-01-04,Claire Dautherives,FR,6,Slalom
2009-01-04,Mona Loeseth,NO,0,Slalom
2009-01-04,Alexandra Daum,AT,0,Slalom
2009-01-04,Ana Jelusic,HR,97,Slalom
2009-01-04,Tereza Kmochova,CZ,0,Combined
2009-01-04,Anja Paerson,SE,169,Super G
2009-01-04,Brigitte Acton,CA,16,Slalom
2009-01-04,Taina Barioz,FR,0,Giant Slalom
2009-01-04,Sarah Schleper,US,12,Giant Slalom
2009-01-04,Denise Feierabend,CH,20,Slalom
2009-01-04,Sanni Leinonen,FI,7,Slalom
2009-01-04,Hailey Duke,US,42,Slalom
2009-01-04,Christina Geiger,DE,16,Slalom
2009-01-04,Frida Hansdotter,SE,66,Slalom
2009-01-04,Bernadette Schild,AT,7,Slalom
2009-01-04,Marina Nigg,LI,21,Slalom
2009-01-04,Julia Mancuso,US,20,Giant Slalom
2009-01-04,Tanja Poutiainen,FI,256,Giant Slalom
2009-01-04,Marion Bertrand,FR,24,Giant Slalom
2009-01-04,Michaela Kirchgasser,AT,60,Giant Slalom
2009-01-04,Chiara Costazza,IT,14,Slalom
2009-01-04,Kathrin Zettel,AT,200,Giant Slalom
2009-01-04,Veronika Velez Zuzulova,SK,88,Slalom
2009-01-04,Aline Bonjour,CH,74,Slalom
2009-01-04,Katarzyna Karasinska,PL,6,Slalom
2009-01-04,Aita Camastral,CH,0,Slalom
2009-01-04,Katharina Duerr,DE,8,Slalom
2009-01-04,Nicole Gius,IT,134,Slalom
2009-01-04,Katarina Lavtar,SK,0,Combined
2009-01-04,Karen Persyn,BE,0,Slalom
2009-01-04,Tii-Maria Romar,FI,9,Slalom
2009-01-04,Irene Curtoni,IT,24,Slalom
2009-01-04,Marianne Mair,DE,7,Slalom
2009-01-04,Susanne Riesch,DE,35,Slalom
2009-01-04,Marta Benzoni,IT,0,Combined
2009-01-04,Kathrin Hoelzl,DE,65,Giant Slalom
2009-01-04,Denise Karbon,IT,0,Giant Slalom
2009-01-04,Manuela Moelgg,IT,100,Giant Slalom
2009-01-04,Johanna Schnarf,IT,0,Combined
2009-01-04,Nastasia Noens,FR,0,Slalom
2009-01-04,Monika Bergmann,DE,62,Slalom
2009-01-04,Marie-Michele Gagnon,CA,0,Slalom
2009-01-04,Nina Loeseth,NO,41,Slalom
2009-01-04,Simone Streng,AT,0,Slalom
2009-01-04,Barbara Wirth,DE,0,Combined
2009-01-04,Fanny Chmelar,DE,58,Slalom
2009-01-04,Therese Borssen,SE,98,Slalom
2009-01-04,Nina Perner,DE,9,Slalom
2009-01-04,Veronica Smed,SE,0,Giant Slalom
2009-01-04,Nika Fleiss,HR,51,Slalom
2009-01-04,Kajsa Kling,SE,0,Combined
2009-01-04,Lene Loeseth,NO,11,Slalom
2009-01-04,Rabea Grand,CH,24,Combined
2009-01-04,Sandra Gini,CH,80,Slalom
2009-01-04,Anna Goodman,CA,35,Slalom
2009-01-04,Elisabeth Goergl,AT,0,Giant Slalom
2009-01-04,Anna Veith Fenninger,AT,22,Super G
2009-01-04,Florine De Leymarie,FR,13,Slalom
2009-01-11,Nicole Gius,IT,134,Slalom
2009-01-11,Brigitte Acton,CA,16,Slalom
2009-01-11,Anna Goodman,CA,47,Slalom
2009-01-11,Michaela Kirchgasser,AT,96,Giant Slalom
2009-01-11,Kaylin L Richardson,US,0,Combined
2009-01-11,Karoline Trojer,IT,0,Combined
2009-01-11,Nastasia Noens,FR,0,Slalom
2009-01-11,Kristiina Rove,FI,0,Combined
2009-01-11,Lindsey Vonn,US,340,Downhill
2009-01-11,Stefanie Koehle,AT,0,Giant Slalom
2009-01-11,Marion Bertrand,FR,24,Giant Slalom
2009-01-11,Anna Veith Fenninger,AT,22,Super G
2009-01-11,Nina-Katarina Mihovilovic,SK,0,Combined
2009-01-11,Susanne Riesch,DE,57,Slalom
2009-01-11,Sanni Leinonen,FI,16,Slalom
2009-01-11,Daniela Merighetti,IT,0,Downhill
2009-01-11,Sandrine Aubert,FR,97,Slalom
2009-01-11,Emelie Wikstroem,SE,0,Combined
2009-01-11,Sterling Grant,US,2,Slalom
2009-01-11,Jessica Lindell-Vikarby,SE,0,Super G
2009-01-11,Lene Loeseth,NO,11,Slalom
2009-01-11,Irene Curtoni,IT,24,Slalom
2009-01-11,Taina Barioz,FR,0,Giant Slalom
2009-01-11,Mizue Hoshi,JP,0,Combined
2009-01-11,Sofija Novoselic,HR,0,Combined
2009-01-11,Vanja Brodnik,SK,0,Combined
2009-01-11,Kiley Staples,US,0,Combined
2009-01-11,Kathrin Hoelzl,DE,78,Giant Slalom
2009-01-11,Tea Palic,HR,0,Combined
2009-01-11,Maria Belen Simari-Birkner,AR,0,Combined
2009-01-11,Sarka Strachova Zahrobska,CZ,304,Slalom
2009-01-11,Sandra Gini,CH,106,Slalom
2009-01-11,Rabea Grand,CH,38,Combined
2009-01-11,Ana Drev,SK,0,Giant Slalom
2009-01-11,Lara Gut,CH,0,Giant Slalom
2009-01-11,Nika Fleiss,HR,56,Slalom
2009-01-11,Zana Novakovic,BA,0,Combined
2009-01-11,Jana Gantnerova,SK,0,Combined
2009-01-11,Nina Loeseth,NO,41,Slalom
2009-01-11,Macarena Simari-Birkner,AR,0,Combined
2009-01-11,Verena Hoellbacher,AT,0,Combined
2009-01-11,Monika Bergmann,DE,62,Slalom
2009-01-11,Carmen Thalmann,AT,0,Combined
2009-01-11,Marie-Michele Gagnon,CA,0,Slalom
2009-01-11,Kajsa Kling,SE,0,Combined
2009-01-11,Manuela Moelgg,IT,111,Giant Slalom
2009-01-11,Miriam Gmuer,CH,0,Combined
2009-01-11,Fanny Chmelar,DE,65,Slalom
2009-01-11,Tereza Kmochova,CZ,0,Combined
2009-01-11,Annalisa Ceresa,IT,0,Combined
2009-01-11,Chiara Costazza,IT,14,Slalom
2009-01-11,Maria Kirkova,BG,0,Combined
2009-01-11,Nicole Hosp,AT,195,Slalom
2009-01-11,Marianne Mair,DE,7,Slalom
2009-01-11,Marta Benzoni,IT,0,Combined
2009-01-11,Mireia Clemente,ES,0,Combined
2009-01-11,Tamara Vidoni,FR,0,Combined
2009-01-11,Aline Bonjour,CH,74,Slalom
2009-01-11,Karen Persyn,BE,15,Slalom
2009-01-11,Mireia Gutierrez,AD,0,Combined
2009-01-11,Matea Ferk,HR,0,Combined
2009-01-11,Julia Mancuso,US,20,Giant Slalom
2009-01-11,Eva-Maria Brem,AT,0,Giant Slalom
2009-01-11,Christina Geiger,DE,16,Slalom
2009-01-11,Aleksandra Klus,PL,0,Combined
2009-01-11,Denise Feierabend,CH,20,Slalom
2009-01-11,Maria Riesch Hoefl,DE,500,Slalom
2009-01-11,Hailey Duke,US,42,Slalom
2009-01-11,Frida Hansdotter,SE,106,Slalom
2009-01-11,Alexandra Daum,AT,0,Slalom
2009-01-11,Emi Hasegawa,JP,0,Combined
2009-01-11,Kathrin Zettel,AT,280,Giant Slalom
2009-01-11,Petra Zakourilova,CZ,0,Combined
2009-01-11,Veronica Smed,SE,0,Giant Slalom
2009-01-11,Katarzyna Karasinska,PL,6,Slalom
2009-01-11,Barbara Wirth,DE,0,Combined
2009-01-11,Jelena Lolovic,RS,0,Combined
2009-01-11,Shona Rubens,CA,0,Combined
2009-01-11,Petra Robnik,SK,0,Combined
2009-01-11,Anja Paerson,SE,219,Super G
2009-01-11,Anja Blieninger,DE,0,Combined
2009-01-11,Eva Kurfuerstova,CZ,0,Combined
2009-01-11,Elisabeth Goergl,AT,0,Giant Slalom
2009-01-11,Mona Loeseth,NO,0,Slalom
2009-01-11,Tanja Poutiainen,FI,316,Giant Slalom
2009-01-11,Sarah Schleper,US,12,Giant Slalom
2009-01-11,Katarina Lavtar,SK,0,Combined
2009-01-11,Therese Borssen,SE,116,Slalom
2009-01-11,Tessa Worley,FR,0,Giant Slalom
2009-01-11,Ana Jelusic,HR,113,Slalom
2009-01-11,Maria Pietilae-Holmner,SE,195,Slalom
2009-01-11,Chemmy Alcott,GB,0,Giant Slalom
2009-01-11,Anne Sophie Barthet,FR,0,Combined
2009-01-11,Florine De Leymarie,FR,13,Slalom
2009-01-11,Agnieszka Gasienica Daniel,PL,3,Giant Slalom
2009-01-11,Marina Nigg,LI,21,Slalom
2009-01-11,Veronika Velez Zuzulova,SK,88,Slalom
2009-01-11,Katharina Duerr,DE,8,Slalom
2009-01-11,Nina Perner,DE,9,Slalom
2009-01-11,Marusa Ferk,SK,43,Slalom
2009-01-11,Aita Camastral,CH,8,Slalom
2009-01-11,Anne Marie Mueller,NO,5,Slalom
2009-01-11,Claire Dautherives,FR,12,Slalom
2009-01-11,Tii-Maria Romar,FI,9,Slalom
2009-01-11,Johanna Schnarf,IT,0,Combined
2009-01-11,Jessica Puenchera,CH,0,Combined
2009-01-11,Carolin Fernsebner,DE,0,Combined
2009-01-11,Jessica Honkonen,FI,0,Combined
2009-01-11,Emma Happonen,FI,0,Combined
2009-01-11,Karin Hackl,AT,0,Giant Slalom
2009-01-11,Bernadette Schild,AT,7,Slalom
2009-01-11,Simone Streng,AT,0,Slalom
2009-01-11,Mateja Robnik,SK,0,Giant Slalom
2009-01-11,Denise Karbon,IT,24,Giant Slalom
2009-01-11,Tina Maze,SK,0,Giant Slalom
2009-01-11,Marianne Abderhalden,CH,4,Slalom
2009-01-11,Fabienne Suter,CH,0,Super G
2009-01-11,Kathrin Triendl,AT,0,Combined
2009-01-30,Denise Feierabend,CH,20,Slalom
2009-01-30,Alexandra Daum,AT,7,Slalom
2009-01-30,Anja Paerson,SE,219,Super G
2009-01-30,Kajsa Kling,SE,0,Combined
2009-01-30,Julia Mancuso,US,20,Giant Slalom
2009-01-30,Bernadette Schild,AT,7,Slalom
2009-01-30,Shona Rubens,CA,0,Combined
2009-01-30,Anne Marie Mueller,NO,5,Slalom
2009-01-30,Tessa Worley,FR,0,Giant Slalom
2009-01-30,Annalisa Ceresa,IT,0,Combined
2009-01-30,Aline Bonjour,CH,74,Slalom
2009-01-30,Christina Geiger,DE,16,Slalom
2009-01-30,Maria Riesch Hoefl,DE,580,Slalom
2009-01-30,Aleksandra Klus,PL,0,Combined
2009-01-30,Sarah Schleper,US,12,Giant Slalom
2009-01-30,Eva-Maria Brem,AT,0,Giant Slalom
2009-01-30,Agnieszka Gasienica Daniel,PL,3,Giant Slalom
2009-01-30,Chemmy Alcott,GB,0,Giant Slalom
2009-01-30,Karen Persyn,BE,15,Slalom
2009-01-30,Tea Palic,HR,0,Combined
2009-01-30,Sarka Strachova Zahrobska,CZ,349,Slalom
2009-01-30,Veronica Smed,SE,0,Giant Slalom
2009-01-30,Nina Loeseth,NO,41,Slalom
2009-01-30,Macarena Simari-Birkner,AR,0,Combined
2009-01-30,Kathrin Triendl,AT,0,Combined
2009-01-30,Monika Bergmann,DE,62,Slalom
2009-01-30,Verena Hoellbacher,AT,0,Combined
2009-01-30,Fabienne Suter,CH,0,Super G
2009-01-30,Nicole Hosp,AT,195,Slalom
2009-01-30,Carmen Thalmann,AT,0,Combined
2009-01-30,Carolin Fernsebner,DE,0,Combined
2009-01-30,Marie-Michele Gagnon,CA,0,Slalom
2009-01-30,Johanna Schnarf,IT,0,Combined
2009-01-30,Manuela Moelgg,IT,127,Giant Slalom
2009-01-30,Simone Streng,AT,5,Slalom
2009-01-30,Jana Gantnerova,SK,0,Combined
2009-01-30,Zana Novakovic,BA,0,Combined
2009-01-30,Nika Fleiss,HR,82,Slalom
2009-01-30,Frida Hansdotter,SE,128,Slalom
2009-01-30,Katarzyna Karasinska,PL,6,Slalom
2009-01-30,Lindsey Vonn,US,440,Downhill
2009-01-30,Petra Zakourilova,CZ,0,Combined
2009-01-30,Kathrin Hoelzl,DE,102,Giant Slalom
2009-01-30,Tereza Kmochova,CZ,0,Combined
2009-01-30,Maria Belen Simari-Birkner,AR,0,Combined
2009-01-30,Hailey Duke,US,46,Slalom
2009-01-30,Therese Borssen,SE,136,Slalom
2009-01-30,Barbara Wirth,DE,0,Combined
2009-01-30,Rabea Grand,CH,38,Combined
2009-01-30,Elisabeth Goergl,AT,0,Giant Slalom
2009-01-30,Ana Drev,SK,0,Giant Slalom
2009-01-30,Jelena Lolovic,RS,0,Combined
2009-01-30,Sandra Gini,CH,106,Slalom
2009-01-30,Miriam Gmuer,CH,0,Combined
2009-01-30,Matea Ferk,HR,0,Combined
2009-01-30,Karoline Trojer,IT,0,Combined
2009-01-30,Claire Dautherives,FR,12,Slalom
2009-01-30,Marion Bertrand,FR,24,Giant Slalom
2009-01-30,Taina Barioz,FR,0,Giant Slalom
2009-01-30,Daniela Merighetti,IT,0,Downhill
2009-01-30,Jessica Lindell-Vikarby,SE,0,Super G
2009-01-30,Anne Sophie Barthet,FR,0,Combined
2009-01-30,Nina Perner,DE,17,Slalom
2009-01-30,Lene Loeseth,NO,22,Slalom
2009-01-30,Irene Curtoni,IT,42,Slalom
2009-01-30,Sanni Leinonen,FI,29,Slalom
2009-01-30,Mireia Gutierrez,AD,0,Combined
2009-01-30,Sofija Novoselic,HR,0,Combined
2009-01-30,Marina Nigg,LI,27,Slalom
2009-01-30,Petra Robnik,SK,0,Combined
2009-01-30,Lara Gut,CH,0,Giant Slalom
2009-01-30,Sandrine Aubert,FR,129,Slalom
2009-01-30,Eva Kurfuerstova,CZ,0,Combined
2009-01-30,Nina-Katarina Mihovilovic,SK,0,Combined
2009-01-30,Stefanie Koehle,AT,0,Giant Slalom
2009-01-30,Kristiina Rove,FI,0,Combined
2009-01-30,Veronika Velez Zuzulova,SK,88,Slalom
2009-01-30,Brigitte Acton,CA,16,Slalom
2009-01-30,Mona Loeseth,NO,9,Slalom
2009-01-30,Anna Veith Fenninger,AT,22,Super G
2009-01-30,Denise Karbon,IT,64,Giant Slalom
2009-01-30,Anna Goodman,CA,59,Slalom
2009-01-30,Katarina Lavtar,SK,0,Combined
2009-01-30,Susanne Riesch,DE,93,Slalom
2009-01-30,Sterling Grant,US,2,Slalom
2009-01-30,Marianne Abderhalden,CH,4,Slalom
2009-01-30,Mateja Robnik,SK,0,Giant Slalom
2009-01-30,Nicole Gius,IT,134,Slalom
2009-01-30,Kaylin L Richardson,US,0,Combined
2009-01-30,Tamara Vidoni,FR,0,Combined
2009-01-30,Emi Hasegawa,JP,0,Combined
2009-01-30,Emelie Wikstroem,SE,0,Combined
2009-01-30,Fanny Chmelar,DE,65,Slalom
2009-01-30,Tina Maze,SK,0,Giant Slalom
2009-01-30,Tii-Maria Romar,FI,9,Slalom
2009-01-30,Mireia Clemente,ES,0,Combined
2009-01-30,Jessica Puenchera,CH,0,Combined
2009-01-30,Jessica Honkonen,FI,0,Combined
2009-01-30,Kathrin Zettel,AT,280,Giant Slalom
2009-01-30,Marianne Mair,DE,22,Slalom
2009-01-30,Nastasia Noens,FR,10,Slalom
2009-01-30,Aita Camastral,CH,8,Slalom
2009-01-30,Maria Pietilae-Holmner,SE,209,Slalom
2009-01-30,Tanja Poutiainen,FI,345,Giant Slalom
2009-01-30,Marusa Ferk,SK,103,Slalom
2009-01-30,Chiara Costazza,IT,14,Slalom
2009-01-30,Marta Benzoni,IT,0,Combined
2009-01-30,Karin Hackl,AT,0,Giant Slalom
2009-01-30,Ana Jelusic,HR,163,Slalom
2009-01-30,Anja Blieninger,DE,0,Combined
2009-01-30,Maria Kirkova,BG,0,Combined
2009-01-30,Emma Happonen,FI,0,Combined
2009-01-30,Kiley Staples,US,0,Combined
2009-01-30,Vanja Brodnik,SK,0,Combined
2009-01-30,Michaela Kirchgasser,AT,96,Giant Slalom
2009-01-30,Florine De Leymarie,FR,13,Slalom
2009-01-30,Katharina Duerr,DE,8,Slalom
2009-01-30,Mizue Hoshi,JP,0,Combined
2009-03-07,Marusa Ferk,SK,103,Slalom
2009-03-07,Jessica Puenchera,CH,0,Combined
2009-03-07,Fabienne Suter,CH,0,Super G
2009-03-07,Karoline Trojer,IT,0,Combined
2009-03-07,Nina-Katarina Mihovilovic,SK,0,Combined
2009-03-07,Karin Hackl,AT,0,Giant Slalom
2009-03-07,Susanne Riesch,DE,133,Slalom
2009-03-07,Matea Ferk,HR,0,Combined
2009-03-07,Anja Paerson,SE,219,Super G
2009-03-07,Tina Maze,SK,0,Giant Slalom
2009-03-07,Lindsey Vonn,US,440,Downhill
2009-03-07,Aline Bonjour,CH,74,Slalom
2009-03-07,Hailey Duke,US,60,Slalom
2009-03-07,Michaela Kirchgasser,AT,96,Giant Slalom
2009-03-07,Maria Kirkova,BG,0,Combined
2009-03-07,Marie-Michele Gagnon,CA,32,Slalom
2009-03-07,Ana Jelusic,HR,175,Slalom
2009-03-07,Tea Palic,HR,0,Combined
2009-03-07,Tessa Worley,FR,0,Giant Slalom
2009-03-07,Daniela Merighetti,IT,0,Downhill
2009-03-07,Petra Robnik,SK,0,Combined
2009-03-07,Therese Borssen,SE,158,Slalom
2009-03-07,Sandra Gini,CH,113,Slalom
2009-03-07,Jana Gantnerova,SK,0,Combined
2009-03-07,Veronika Velez Zuzulova,SK,88,Slalom
2009-03-07,Marta Benzoni,IT,0,Combined
2009-03-07,Denise Karbon,IT,75,Giant Slalom
2009-03-07,Lara Gut,CH,0,Giant Slalom
2009-03-07,Manuela Moelgg,IT,127,Giant Slalom
2009-03-07,Marina Nigg,LI,27,Slalom
2009-03-07,Anne Sophie Barthet,FR,0,Combined
2009-03-07,Mona Loeseth,NO,9,Slalom
2009-03-07,Eva Kurfuerstova,CZ,0,Combined
2009-03-07,Maria Pietilae-Holmner,SE,245,Slalom
2009-03-07,Nina Perner,DE,35,Slalom
2009-03-07,Marianne Abderhalden,CH,4,Slalom
2009-03-07,Nicole Gius,IT,154,Slalom
2009-03-07,Katarina Lavtar,SK,0,Combined
2009-03-07,Mateja Robnik,SK,0,Giant Slalom
2009-03-07,Tii-Maria Romar,FI,9,Slalom
2009-03-07,Emelie Wikstroem,SE,0,Combined
2009-03-07,Emi Hasegawa,JP,0,Combined
2009-03-07,Nastasia Noens,FR,20,Slalom
2009-03-07,Lene Loeseth,NO,22,Slalom
2009-03-07,Mizue Hoshi,JP,0,Combined
2009-03-07,Anna Veith Fenninger,AT,22,Super G
2009-03-07,Kristiina Rove,FI,0,Combined
2009-03-07,Fanny Chmelar,DE,91,Slalom
2009-03-07,Sterling Grant,US,2,Slalom
2009-03-07,Emma Happonen,FI,0,Combined
2009-03-07,Brigitte Acton,CA,16,Slalom
2009-03-07,Katharina Duerr,DE,8,Slalom
2009-03-07,Anja Blieninger,DE,0,Combined
2009-03-07,Carolin Fernsebner,DE,0,Combined
2009-03-07,Simone Streng,AT,5,Slalom
2009-03-07,Kathrin Triendl,AT,0,Combined
2009-03-07,Veronica Smed,SE,0,Giant Slalom
2009-03-07,Elisabeth Goergl,AT,0,Giant Slalom
2009-03-07,Jelena Lolovic,RS,0,Combined
2009-03-07,Katarzyna Karasinska,PL,6,Slalom
2009-03-07,Petra Zakourilova,CZ,0,Combined
2009-03-07,Barbara Wirth,DE,0,Combined
2009-03-07,Tanja Poutiainen,FI,374,Giant Slalom
2009-03-07,Agnieszka Gasienica Daniel,PL,3,Giant Slalom
2009-03-07,Sarah Schleper,US,12,Giant Slalom
2009-03-07,Nicole Hosp,AT,255,Slalom
2009-03-07,Shona Rubens,CA,0,Combined
2009-03-07,Bernadette Schild,AT,7,Slalom
2009-03-07,Anne Marie Mueller,NO,5,Slalom
2009-03-07,Claire Dautherives,FR,20,Slalom
2009-03-07,Aita Camastral,CH,8,Slalom
2009-03-07,Jessica Honkonen,FI,0,Combined
2009-03-07,Florine De Leymarie,FR,13,Slalom
2009-03-07,Chemmy Alcott,GB,0,Giant Slalom
2009-03-07,Stefanie Koehle,AT,0,Giant Slalom
2009-03-07,Anna Goodman,CA,59,Slalom
2009-03-07,Sofija Novoselic,HR,0,Combined
2009-03-07,Sanni Leinonen,FI,29,Slalom
2009-03-07,Eva-Maria Brem,AT,0,Giant Slalom
2009-03-07,Christina Geiger,DE,25,Slalom
2009-03-07,Aleksandra Klus,PL,0,Combined
2009-03-07,Denise Feierabend,CH,36,Slalom
2009-03-07,Annalisa Ceresa,IT,0,Combined
2009-03-07,Alexandra Daum,AT,31,Slalom
2009-03-07,Miriam Gmuer,CH,0,Combined
2009-03-07,Kathrin Hoelzl,DE,117,Giant Slalom
2009-03-07,Maria Belen Simari-Birkner,AR,0,Combined
2009-03-07,Rabea Grand,CH,44,Combined
2009-03-07,Ana Drev,SK,0,Giant Slalom
2009-03-07,Verena Hoellbacher,AT,0,Combined
2009-03-07,Nika Fleiss,HR,82,Slalom
2009-03-07,Tereza Kmochova,CZ,0,Combined
2009-03-07,Zana Novakovic,BA,0,Combined
2009-03-07,Nina Loeseth,NO,41,Slalom
2009-03-07,Macarena Simari-Birkner,AR,0,Combined
2009-03-07,Monika Bergmann,DE,75,Slalom
2009-03-07,Carmen Thalmann,AT,0,Combined
2009-03-07,Sarka Strachova Zahrobska,CZ,399,Slalom
2009-03-07,Julia Mancuso,US,20,Giant Slalom
2009-03-07,Mireia Gutierrez,AD,0,Combined
2009-03-07,Frida Hansdotter,SE,208,Slalom
2009-03-07,Maria Riesch Hoefl,DE,625,Slalom
2009-03-07,Irene Curtoni,IT,42,Slalom
2009-03-07,Jessica Lindell-Vikarby,SE,0,Super G
2009-03-07,Marion Bertrand,FR,24,Giant Slalom
2009-03-07,Kaylin L Richardson,US,0,Combined
2009-03-07,Sandrine Aubert,FR,229,Slalom
2009-03-07,Taina Barioz,FR,0,Giant Slalom
2009-03-07,Chiara Costazza,IT,14,Slalom
2009-03-07,Kathrin Zettel,AT,280,Giant Slalom
2009-03-07,Johanna Schnarf,IT,0,Combined
2009-03-07,Mireia Clemente,ES,0,Combined
2009-03-07,Karen Persyn,BE,15,Slalom
2009-03-07,Tamara Vidoni,FR,0,Combined
2009-03-07,Vanja Brodnik,SK,0,Combined
2009-03-07,Kajsa Kling,SE,0,Combined
2009-03-07,Marianne Mair,DE,22,Slalom
2009-03-07,Kiley Staples,US,0,Combined
2009-03-13,Karin Hackl,AT,0,Giant Slalom
2009-03-13,Tamara Vidoni,FR,0,Combined
2009-03-13,Tereza Kmochova,CZ,0,Combined
2009-03-13,Taina Barioz,FR,0,Giant Slalom
2009-03-13,Chemmy Alcott,GB,0,Giant Slalom
2009-03-13,Marta Benzoni,IT,0,Combined
2009-03-13,Katarina Lavtar,SK,0,Combined
2009-03-13,Verena Hoellbacher,AT,0,Combined
2009-03-13,Barbara Wirth,DE,0,Combined
2009-03-13,Emelie Wikstroem,SE,0,Combined
2009-03-13,Kajsa Kling,SE,0,Combined
2009-03-13,Johanna Schnarf,IT,0,Combined
2009-03-13,Tessa Worley,FR,0,Giant Slalom
2009-03-13,Rabea Grand,CH,44,Combined
2009-03-13,Kathrin Hoelzl,DE,117,Giant Slalom
2009-03-13,Alexandra Daum,AT,31,Slalom
2009-03-13,Denise Feierabend,CH,48,Slalom
2009-03-13,Christina Geiger,DE,25,Slalom
2009-03-13,Julia Mancuso,US,20,Giant Slalom
2009-03-13,Karen Persyn,BE,15,Slalom
2009-03-13,Marianne Mair,DE,22,Slalom
2009-03-13,Chiara Costazza,IT,14,Slalom
2009-03-13,Marion Bertrand,FR,24,Giant Slalom
2009-03-13,Nika Fleiss,HR,93,Slalom
2009-03-13,Irene Curtoni,IT,42,Slalom
2009-03-13,Brigitte Acton,CA,16,Slalom
2009-03-13,Anna Goodman,CA,59,Slalom
2009-03-13,Anna Veith Fenninger,AT,22,Super G
2009-03-13,Lene Loeseth,NO,22,Slalom
2009-03-13,Nastasia Noens,FR,20,Slalom
2009-03-13,Tii-Maria Romar,FI,9,Slalom
2009-03-13,Nina Perner,DE,35,Slalom
2009-03-13,Mona Loeseth,NO,9,Slalom
2009-03-13,Marina Nigg,LI,27,Slalom
2009-03-13,Katharina Duerr,DE,8,Slalom
2009-03-13,Sanni Leinonen,FI,29,Slalom
2009-03-13,Nina Loeseth,NO,41,Slalom
2009-03-13,Monika Bergmann,DE,89,Slalom
2009-03-13,Manuela Moelgg,IT,143,Giant Slalom
2009-03-13,Lindsey Vonn,US,453,Downhill
2009-03-13,Sarka Strachova Zahrobska,CZ,459,Slalom
2009-03-13,Maria Riesch Hoefl,DE,670,Slalom
2009-03-13,Sandrine Aubert,FR,329,Slalom
2009-03-13,Maria Pietilae-Holmner,SE,281,Slalom
2009-03-13,Nicole Hosp,AT,275,Slalom
2009-03-13,Tanja Poutiainen,FI,406,Giant Slalom
2009-03-13,Nicole Gius,IT,163,Slalom
2009-03-13,Kathrin Zettel,AT,309,Giant Slalom
2009-03-13,Frida Hansdotter,SE,248,Slalom
2009-03-13,Fanny Chmelar,DE,171,Slalom
2009-03-13,Marusa Ferk,SK,113,Slalom
2009-03-13,Therese Borssen,SE,218,Slalom
2009-03-13,Anja Paerson,SE,243,Super G
2009-03-13,Ana Jelusic,HR,201,Slalom
2009-03-13,Veronika Velez Zuzulova,SK,88,Slalom
2009-03-13,Denise Karbon,IT,75,Giant Slalom
2009-03-13,Susanne Riesch,DE,133,Slalom
2009-03-13,Michaela Kirchgasser,AT,96,Giant Slalom
2009-03-13,Aline Bonjour,CH,96,Slalom
2009-03-13,Hailey Duke,US,60,Slalom
2009-03-13,Sandra Gini,CH,128,Slalom
2009-03-13,Marie-Michele Gagnon,CA,32,Slalom
2009-03-13,Florine De Leymarie,FR,13,Slalom
2009-03-13,Aita Camastral,CH,8,Slalom
2009-03-13,Claire Dautherives,FR,20,Slalom
2009-03-13,Bernadette Schild,AT,7,Slalom
2009-03-13,Kiley Staples,US,0,Combined
2009-03-13,Vanja Brodnik,SK,0,Combined
2009-03-13,Mireia Clemente,ES,0,Combined
2009-03-13,Mireia Gutierrez,AD,0,Combined
2009-03-13,Eva-Maria Brem,AT,0,Giant Slalom
2009-03-13,Aleksandra Klus,PL,0,Combined
2009-03-13,Annalisa Ceresa,IT,0,Combined
2009-03-13,Miriam Gmuer,CH,0,Combined
2009-03-13,Maria Belen Simari-Birkner,AR,0,Combined
2009-03-13,Ana Drev,SK,0,Giant Slalom
2009-03-13,Zana Novakovic,BA,0,Combined
2009-03-13,Macarena Simari-Birkner,AR,0,Combined
2009-03-13,Carmen Thalmann,AT,0,Combined
2009-03-13,Karoline Trojer,IT,0,Combined
2009-03-13,Jana Gantnerova,SK,0,Combined
2009-03-13,Tea Palic,HR,0,Combined
2009-03-13,Matea Ferk,HR,0,Combined
2009-03-13,Maria Kirkova,BG,0,Combined
2009-03-13,Daniela Merighetti,IT,0,Downhill
2009-03-13,Nina-Katarina Mihovilovic,SK,0,Combined
2009-03-13,Jessica Puenchera,CH,0,Combined
2009-03-13,Petra Robnik,SK,0,Combined
2009-03-13,Tina Maze,SK,0,Giant Slalom
2009-03-13,Kaylin L Richardson,US,0,Combined
2009-03-13,Fabienne Suter,CH,0,Super G
2009-03-13,Jessica Lindell-Vikarby,SE,0,Super G
2009-03-13,Stefanie Koehle,AT,0,Giant Slalom
2009-03-13,Sarah Schleper,US,12,Giant Slalom
2009-03-13,Katarzyna Karasinska,PL,6,Slalom
2009-03-13,Elisabeth Goergl,AT,0,Giant Slalom
2009-03-13,Veronica Smed,SE,0,Giant Slalom
2009-03-13,Simone Streng,AT,5,Slalom
2009-03-13,Carolin Fernsebner,DE,0,Combined
2009-03-13,Kathrin Triendl,AT,0,Combined
2009-03-13,Jelena Lolovic,RS,0,Combined
2009-03-13,Petra Zakourilova,CZ,0,Combined
2009-03-13,Agnieszka Gasienica Daniel,PL,3,Giant Slalom
2009-03-13,Shona Rubens,CA,0,Combined
2009-03-13,Anne Marie Mueller,NO,5,Slalom
2009-03-13,Jessica Honkonen,FI,0,Combined
2009-03-13,Anja Blieninger,DE,0,Combined
2009-03-13,Mateja Robnik,SK,0,Giant Slalom
2009-03-13,Anne Sophie Barthet,FR,0,Combined
2009-03-13,Eva Kurfuerstova,CZ,0,Combined
2009-03-13,Marianne Abderhalden,CH,4,Slalom
2009-03-13,Emma Happonen,FI,0,Combined
2009-03-13,Emi Hasegawa,JP,0,Combined
2009-03-13,Mizue Hoshi,JP,0,Combined
2009-03-13,Kristiina Rove,FI,0,Combined
2009-03-13,Sterling Grant,US,2,Slalom
2009-03-13,Sofija Novoselic,HR,0,Combined
2009-03-13,Lara Gut,CH,18,Giant Slalom
